[{"pk": 1, "model": "main.course", "fields": {"active": false, "start_date": null, "name": "Hacker course", "end_date": null, "description": "Lorem ipsum dolor sit amet, consectetur adipisicing elit, sed do eiusmod tempor incididunt ut labore et dolore"}}, {"pk": 2, "model": "main.course", "fields": {"active": false, "start_date": null, "name": "HTML5", "end_date": null, "description": "Duis aute irure dolor in reprehenderit in voluptate velit esse cillum dolore eu fugiat"}}, {"pk": 1, "model": "main.userprofile", "fields": {"user": 2}}, {"pk": 2, "model": "main.userprofile", "fields": {"user": 3}}, {"pk": 3, "model": "main.userprofile", "fields": {"user": 4}}, {"pk": 4, "model": "main.userprofile", "fields": {"user": 5}}, {"pk": 5, "model": "main.userprofile", "fields": {"user": 6}}, {"pk": 6, "model": "main.userprofile", "fields": {"user": 7}}, {"pk": 7, "model": "main.userprofile", "fields": {"user": 8}}, {"pk": 8, "model": "main.userprofile", "fields": {"user": 9}}, {"pk": 9, "model": "main.userprofile", "fields": {"user": 10}}, {"pk": 10, "model": "main.userprofile", "fields": {"user": 11}}, {"pk": 11, "model": "main.userprofile", "fields": {"user": 12}}, {"pk": 12, "model": "main.userprofile", "fields": {"user": 13}}, {"pk": 13, "model": "main.userprofile", "fields": {"user": 14}}, {"pk": 14, "model": "main.userprofile", "fields": {"user": 15}}, {"pk": 15, "model": "main.userprofile", "fields": {"user": 16}}, {"pk": 16, "model": "main.userprofile", "fields": {"user": 17}}, {"pk": 17, "model": "main.userprofile", "fields": {"user": 18}}, {"pk": 18, "model": "main.userprofile", "fields": {"user": 19}}, {"pk": 19, "model": "main.userprofile", "fields": {"user": 20}}, {"pk": 20, "model": "main.userprofile", "fields": {"user": 21}}, {"pk": 21, "model": "main.userprofile", "fields": {"user": 22}}, {"pk": 22, "model": "main.userprofile", "fields": {"user": 23}}, {"pk": 23, "model": "main.userprofile", "fields": {"user": 24}}, {"pk": 24, "model": "main.userprofile", "fields": {"user": 25}}, {"pk": 25, "model": "main.userprofile", "fields": {"user": 26}}, {"pk": 26, "model": "main.userprofile", "fields": {"user": 27}}, {"pk": 27, "model": "main.userprofile", "fields": {"user": 28}}, {"pk": 28, "model": "main.userprofile", "fields": {"user": 29}}, {"pk": 29, "model": "main.userprofile", "fields": {"user": 30}}, {"pk": 30, "model": "main.userprofile", "fields": {"user": 31}}, {"pk": 31, "model": "main.userprofile", "fields": {"user": 32}}, {"pk": 32, "model": "main.userprofile", "fields": {"user": 33}}, {"pk": 33, "model": "main.userprofile", "fields": {"user": 34}}, {"pk": 34, "model": "main.userprofile", "fields": {"user": 35}}, {"pk": 35, "model": "main.userprofile", "fields": {"user": 36}}, {"pk": 36, "model": "main.userprofile", "fields": {"user": 37}}, {"pk": 37, "model": "main.userprofile", "fields": {"user": 38}}, {"pk": 38, "model": "main.userprofile", "fields": {"user": 39}}, {"pk": 39, "model": "main.userprofile", "fields": {"user": 40}}, {"pk": 40, "model": "main.userprofile", "fields": {"user": 41}}, {"pk": 1, "model": "main.student", "fields": {"course": 1, "approved": false, "user_profile": 3}}, {"pk": 2, "model": "main.student", "fields": {"course": 1, "approved": false, "user_profile": 4}}, {"pk": 3, "model": "main.student", "fields": {"course": 1, "approved": false, "user_profile": 5}}, {"pk": 4, "model": "main.student", "fields": {"course": 1, "approved": false, "user_profile": 6}}, {"pk": 5, "model": "main.student", "fields": {"course": 1, "approved": false, "user_profile": 7}}, {"pk": 6, "model": "main.student", "fields": {"course": 1, "approved": false, "user_profile": 8}}, {"pk": 7, "model": "main.student", "fields": {"course": 1, "approved": false, "user_profile": 9}}, {"pk": 8, "model": "main.student", "fields": {"course": 1, "approved": false, "user_profile": 10}}, {"pk": 9, "model": "main.student", "fields": {"course": 1, "approved": false, "user_profile": 11}}, {"pk": 10, "model": "main.student", "fields": {"course": 1, "approved": false, "user_profile": 12}}, {"pk": 11, "model": "main.student", "fields": {"course": 1, "approved": false, "user_profile": 13}}, {"pk": 12, "model": "main.student", "fields": {"course": 1, "approved": false, "user_profile": 14}}, {"pk": 13, "model": "main.student", "fields": {"course": 1, "approved": false, "user_profile": 15}}, {"pk": 14, "model": "main.student", "fields": {"course": 1, "approved": false, "user_profile": 16}}, {"pk": 15, "model": "main.student", "fields": {"course": 1, "approved": false, "user_profile": 17}}, {"pk": 16, "model": "main.student", "fields": {"course": 1, "approved": false, "user_profile": 18}}, {"pk": 17, "model": "main.student", "fields": {"course": 1, "approved": false, "user_profile": 19}}, {"pk": 18, "model": "main.student", "fields": {"course": 1, "approved": false, "user_profile": 20}}, {"pk": 19, "model": "main.student", "fields": {"course": 2, "approved": false, "user_profile": 21}}, {"pk": 20, "model": "main.student", "fields": {"course": 2, "approved": false, "user_profile": 22}}, {"pk": 21, "model": "main.student", "fields": {"course": 2, "approved": false, "user_profile": 23}}, {"pk": 22, "model": "main.student", "fields": {"course": 2, "approved": false, "user_profile": 24}}, {"pk": 23, "model": "main.student", "fields": {"course": 2, "approved": false, "user_profile": 25}}, {"pk": 24, "model": "main.student", "fields": {"course": 2, "approved": false, "user_profile": 26}}, {"pk": 25, "model": "main.student", "fields": {"course": 2, "approved": false, "user_profile": 27}}, {"pk": 26, "model": "main.student", "fields": {"course": 2, "approved": false, "user_profile": 28}}, {"pk": 27, "model": "main.student", "fields": {"course": 2, "approved": false, "user_profile": 29}}, {"pk": 28, "model": "main.student", "fields": {"course": 2, "approved": false, "user_profile": 30}}, {"pk": 29, "model": "main.student", "fields": {"course": 2, "approved": false, "user_profile": 31}}, {"pk": 30, "model": "main.student", "fields": {"course": 2, "approved": false, "user_profile": 32}}, {"pk": 31, "model": "main.student", "fields": {"course": 2, "approved": false, "user_profile": 33}}, {"pk": 32, "model": "main.student", "fields": {"course": 2, "approved": false, "user_profile": 34}}, {"pk": 33, "model": "main.student", "fields": {"course": 2, "approved": false, "user_profile": 35}}, {"pk": 34, "model": "main.student", "fields": {"course": 2, "approved": false, "user_profile": 36}}, {"pk": 35, "model": "main.student", "fields": {"course": 2, "approved": false, "user_profile": 37}}, {"pk": 36, "model": "main.student", "fields": {"course": 2, "approved": false, "user_profile": 38}}, {"pk": 37, "model": "main.student", "fields": {"course": 2, "approved": false, "user_profile": 39}}, {"pk": 38, "model": "main.student", "fields": {"course": 2, "approved": false, "user_profile": 40}}, {"pk": 1, "model": "main.teacher", "fields": {"course": 2, "user_profile": 1}}, {"pk": 2, "model": "main.teacher", "fields": {"course": 1, "user_profile": 2}}]