[{"pk": 9, "model": "contenttypes.contenttype", "fields": {"model": "course", "name": "Course", "app_label": "main"}}, {"pk": 11, "model": "contenttypes.contenttype", "fields": {"model": "student", "name": "Student", "app_label": "main"}}, {"pk": 8, "model": "contenttypes.contenttype", "fields": {"model": "subscriber", "name": "Subscriber", "app_label": "main"}}, {"pk": 12, "model": "contenttypes.contenttype", "fields": {"model": "teacher", "name": "Teacher", "app_label": "main"}}, {"pk": 4, "model": "contenttypes.contenttype", "fields": {"model": "contenttype", "name": "content type", "app_label": "contenttypes"}}, {"pk": 2, "model": "contenttypes.contenttype", "fields": {"model": "group", "name": "group", "app_label": "auth"}}, {"pk": 7, "model": "contenttypes.contenttype", "fields": {"model": "logentry", "name": "log entry", "app_label": "admin"}}, {"pk": 13, "model": "contenttypes.contenttype", "fields": {"model": "migrationhistory", "name": "migration history", "app_label": "south"}}, {"pk": 1, "model": "contenttypes.contenttype", "fields": {"model": "permission", "name": "permission", "app_label": "auth"}}, {"pk": 5, "model": "contenttypes.contenttype", "fields": {"model": "session", "name": "session", "app_label": "sessions"}}, {"pk": 6, "model": "contenttypes.contenttype", "fields": {"model": "site", "name": "site", "app_label": "sites"}}, {"pk": 3, "model": "contenttypes.contenttype", "fields": {"model": "user", "name": "user", "app_label": "auth"}}, {"pk": 10, "model": "contenttypes.contenttype", "fields": {"model": "userprofile", "name": "user profile", "app_label": "main"}}, {"pk": "61b158c43183368f454382958637784b", "model": "sessions.session", "fields": {"expire_date": "2012-07-31T02:31:37.487Z", "session_data": "MDgxODhiMzk2YjUxMjFjMzYzY2Q5ZjJkMzJhYmU0MWNiOWUyMmUzNTqAAn1xAShVEl9hdXRoX3Vz\nZXJfYmFja2VuZHECVSlkamFuZ28uY29udHJpYi5hdXRoLmJhY2tlbmRzLk1vZGVsQmFja2VuZHED\nVQ1fYXV0aF91c2VyX2lkcQRLAXUu\n"}}, {"pk": 1, "model": "sites.site", "fields": {"domain": "example.com", "name": "example.com"}}, {"pk": 1, "model": "main.course", "fields": {"active": false, "start_date": null, "name": "Hacker course", "end_date": null, "description": "Lorem ipsum dolor sit amet, consectetur adipisicing elit, sed do eiusmod tempor incididunt ut labore et dolore"}}, {"pk": 2, "model": "main.course", "fields": {"active": false, "start_date": null, "name": "HTML5", "end_date": null, "description": "Duis aute irure dolor in reprehenderit in voluptate velit esse cillum dolore eu fugiat"}}, {"pk": 1, "model": "main.student", "fields": {"course": 1, "approved": false, "user_profile": 3}}, {"pk": 2, "model": "main.student", "fields": {"course": 1, "approved": false, "user_profile": 4}}, {"pk": 3, "model": "main.student", "fields": {"course": 1, "approved": false, "user_profile": 5}}, {"pk": 4, "model": "main.student", "fields": {"course": 1, "approved": false, "user_profile": 6}}, {"pk": 5, "model": "main.student", "fields": {"course": 1, "approved": false, "user_profile": 7}}, {"pk": 6, "model": "main.student", "fields": {"course": 1, "approved": false, "user_profile": 8}}, {"pk": 7, "model": "main.student", "fields": {"course": 1, "approved": false, "user_profile": 9}}, {"pk": 8, "model": "main.student", "fields": {"course": 1, "approved": false, "user_profile": 10}}, {"pk": 9, "model": "main.student", "fields": {"course": 1, "approved": false, "user_profile": 11}}, {"pk": 10, "model": "main.student", "fields": {"course": 1, "approved": false, "user_profile": 12}}, {"pk": 11, "model": "main.student", "fields": {"course": 1, "approved": false, "user_profile": 13}}, {"pk": 12, "model": "main.student", "fields": {"course": 1, "approved": false, "user_profile": 14}}, {"pk": 13, "model": "main.student", "fields": {"course": 1, "approved": false, "user_profile": 15}}, {"pk": 14, "model": "main.student", "fields": {"course": 1, "approved": false, "user_profile": 16}}, {"pk": 15, "model": "main.student", "fields": {"course": 1, "approved": false, "user_profile": 17}}, {"pk": 16, "model": "main.student", "fields": {"course": 1, "approved": false, "user_profile": 18}}, {"pk": 17, "model": "main.student", "fields": {"course": 1, "approved": false, "user_profile": 19}}, {"pk": 18, "model": "main.student", "fields": {"course": 1, "approved": false, "user_profile": 20}}, {"pk": 19, "model": "main.student", "fields": {"course": 2, "approved": false, "user_profile": 21}}, {"pk": 20, "model": "main.student", "fields": {"course": 2, "approved": false, "user_profile": 22}}, {"pk": 21, "model": "main.student", "fields": {"course": 2, "approved": false, "user_profile": 23}}, {"pk": 22, "model": "main.student", "fields": {"course": 2, "approved": false, "user_profile": 24}}, {"pk": 23, "model": "main.student", "fields": {"course": 2, "approved": false, "user_profile": 25}}, {"pk": 24, "model": "main.student", "fields": {"course": 2, "approved": false, "user_profile": 26}}, {"pk": 25, "model": "main.student", "fields": {"course": 2, "approved": false, "user_profile": 27}}, {"pk": 26, "model": "main.student", "fields": {"course": 2, "approved": false, "user_profile": 28}}, {"pk": 27, "model": "main.student", "fields": {"course": 2, "approved": false, "user_profile": 29}}, {"pk": 28, "model": "main.student", "fields": {"course": 2, "approved": false, "user_profile": 30}}, {"pk": 29, "model": "main.student", "fields": {"course": 2, "approved": false, "user_profile": 31}}, {"pk": 30, "model": "main.student", "fields": {"course": 2, "approved": false, "user_profile": 32}}, {"pk": 31, "model": "main.student", "fields": {"course": 2, "approved": false, "user_profile": 33}}, {"pk": 32, "model": "main.student", "fields": {"course": 2, "approved": false, "user_profile": 34}}, {"pk": 33, "model": "main.student", "fields": {"course": 2, "approved": false, "user_profile": 35}}, {"pk": 34, "model": "main.student", "fields": {"course": 2, "approved": false, "user_profile": 36}}, {"pk": 35, "model": "main.student", "fields": {"course": 2, "approved": false, "user_profile": 37}}, {"pk": 36, "model": "main.student", "fields": {"course": 2, "approved": false, "user_profile": 38}}, {"pk": 37, "model": "main.student", "fields": {"course": 2, "approved": false, "user_profile": 39}}, {"pk": 38, "model": "main.student", "fields": {"course": 2, "approved": false, "user_profile": 40}}, {"pk": 1, "model": "main.teacher", "fields": {"course": 2, "user_profile": 1}}, {"pk": 2, "model": "main.teacher", "fields": {"course": 1, "user_profile": 2}}, {"pk": 19, "model": "auth.permission", "fields": {"codename": "add_logentry", "name": "Can add log entry", "content_type": 7}}, {"pk": 20, "model": "auth.permission", "fields": {"codename": "change_logentry", "name": "Can change log entry", "content_type": 7}}, {"pk": 21, "model": "auth.permission", "fields": {"codename": "delete_logentry", "name": "Can delete log entry", "content_type": 7}}, {"pk": 1, "model": "auth.permission", "fields": {"codename": "add_group", "name": "Can add group", "content_type": 2}}, {"pk": 4, "model": "auth.permission", "fields": {"codename": "change_group", "name": "Can change group", "content_type": 2}}, {"pk": 7, "model": "auth.permission", "fields": {"codename": "delete_group", "name": "Can delete group", "content_type": 2}}, {"pk": 2, "model": "auth.permission", "fields": {"codename": "add_permission", "name": "Can add permission", "content_type": 1}}, {"pk": 5, "model": "auth.permission", "fields": {"codename": "change_permission", "name": "Can change permission", "content_type": 1}}, {"pk": 8, "model": "auth.permission", "fields": {"codename": "delete_permission", "name": "Can delete permission", "content_type": 1}}, {"pk": 3, "model": "auth.permission", "fields": {"codename": "add_user", "name": "Can add user", "content_type": 3}}, {"pk": 6, "model": "auth.permission", "fields": {"codename": "change_user", "name": "Can change user", "content_type": 3}}, {"pk": 9, "model": "auth.permission", "fields": {"codename": "delete_user", "name": "Can delete user", "content_type": 3}}, {"pk": 10, "model": "auth.permission", "fields": {"codename": "add_contenttype", "name": "Can add content type", "content_type": 4}}, {"pk": 11, "model": "auth.permission", "fields": {"codename": "change_contenttype", "name": "Can change content type", "content_type": 4}}, {"pk": 12, "model": "auth.permission", "fields": {"codename": "delete_contenttype", "name": "Can delete content type", "content_type": 4}}, {"pk": 22, "model": "auth.permission", "fields": {"codename": "add_course", "name": "Can add Course", "content_type": 9}}, {"pk": 27, "model": "auth.permission", "fields": {"codename": "change_course", "name": "Can change Course", "content_type": 9}}, {"pk": 32, "model": "auth.permission", "fields": {"codename": "delete_course", "name": "Can delete Course", "content_type": 9}}, {"pk": 23, "model": "auth.permission", "fields": {"codename": "add_student", "name": "Can add Student", "content_type": 11}}, {"pk": 28, "model": "auth.permission", "fields": {"codename": "change_student", "name": "Can change Student", "content_type": 11}}, {"pk": 33, "model": "auth.permission", "fields": {"codename": "delete_student", "name": "Can delete Student", "content_type": 11}}, {"pk": 24, "model": "auth.permission", "fields": {"codename": "add_subscriber", "name": "Can add Subscriber", "content_type": 8}}, {"pk": 29, "model": "auth.permission", "fields": {"codename": "change_subscriber", "name": "Can change Subscriber", "content_type": 8}}, {"pk": 34, "model": "auth.permission", "fields": {"codename": "delete_subscriber", "name": "Can delete Subscriber", "content_type": 8}}, {"pk": 25, "model": "auth.permission", "fields": {"codename": "add_teacher", "name": "Can add Teacher", "content_type": 12}}, {"pk": 30, "model": "auth.permission", "fields": {"codename": "change_teacher", "name": "Can change Teacher", "content_type": 12}}, {"pk": 35, "model": "auth.permission", "fields": {"codename": "delete_teacher", "name": "Can delete Teacher", "content_type": 12}}, {"pk": 26, "model": "auth.permission", "fields": {"codename": "add_userprofile", "name": "Can add user profile", "content_type": 10}}, {"pk": 31, "model": "auth.permission", "fields": {"codename": "change_userprofile", "name": "Can change user profile", "content_type": 10}}, {"pk": 36, "model": "auth.permission", "fields": {"codename": "delete_userprofile", "name": "Can delete user profile", "content_type": 10}}, {"pk": 13, "model": "auth.permission", "fields": {"codename": "add_session", "name": "Can add session", "content_type": 5}}, {"pk": 14, "model": "auth.permission", "fields": {"codename": "change_session", "name": "Can change session", "content_type": 5}}, {"pk": 15, "model": "auth.permission", "fields": {"codename": "delete_session", "name": "Can delete session", "content_type": 5}}, {"pk": 16, "model": "auth.permission", "fields": {"codename": "add_site", "name": "Can add site", "content_type": 6}}, {"pk": 17, "model": "auth.permission", "fields": {"codename": "change_site", "name": "Can change site", "content_type": 6}}, {"pk": 18, "model": "auth.permission", "fields": {"codename": "delete_site", "name": "Can delete site", "content_type": 6}}, {"pk": 37, "model": "auth.permission", "fields": {"codename": "add_migrationhistory", "name": "Can add migration history", "content_type": 13}}, {"pk": 38, "model": "auth.permission", "fields": {"codename": "change_migrationhistory", "name": "Can change migration history", "content_type": 13}}, {"pk": 39, "model": "auth.permission", "fields": {"codename": "delete_migrationhistory", "name": "Can delete migration history", "content_type": 13}}, {"pk": 1, "model": "auth.user", "fields": {"username": "tadeo", "first_name": "", "last_name": "", "is_active": true, "is_superuser": true, "is_staff": true, "last_login": "2012-07-17T02:31:37.480Z", "groups": [], "user_permissions": [], "password": "pbkdf2_sha256$10000$uGSUerMIjPkF$n27JkMGeKLgTCnRCF1MCXL4GbLwNCPtyWmiu4LHWB4s=", "email": "tadeo@tadeocarrier.com", "date_joined": "2012-07-17T02:31:11.803Z"}}, {"pk": 2, "model": "auth.user", "fields": {"username": "Ian3", "first_name": "Ian", "last_name": "Beasley", "is_active": true, "is_superuser": false, "is_staff": false, "last_login": "2012-07-17T02:31:18.442Z", "groups": [], "user_permissions": [], "password": "sha1$8QDjMq0zpEnI$6475ec4301a38e88bdeb2ee5251e146cb3b1034c", "email": "Fusce@adipiscingnon.ca", "date_joined": "2012-07-17T02:31:18.443Z"}}, {"pk": 3, "model": "auth.user", "fields": {"username": "Colby4", "first_name": "Colby", "last_name": "Leblanc", "is_active": true, "is_superuser": false, "is_staff": false, "last_login": "2012-07-17T02:31:18.514Z", "groups": [], "user_permissions": [], "password": "sha1$vT2gJkye6waH$69ce38e2108fcad638821aed7eab1b544de81468", "email": "id@eros.com", "date_joined": "2012-07-17T02:31:18.514Z"}}, {"pk": 4, "model": "auth.user", "fields": {"username": "Abel3", "first_name": "Abel", "last_name": "Perkins", "is_active": true, "is_superuser": false, "is_staff": false, "last_login": "2012-07-17T02:31:18.560Z", "groups": [], "user_permissions": [], "password": "sha1$aOky4BWtZKph$baadd4dbd13d048859f143b262930ac0d00ea07b", "email": "sed@ipsumSuspendissesagittis.ca", "date_joined": "2012-07-17T02:31:18.560Z"}}, {"pk": 5, "model": "auth.user", "fields": {"username": "Alexandra4", "first_name": "Alexandra", "last_name": "Arnold", "is_active": true, "is_superuser": false, "is_staff": false, "last_login": "2012-07-17T02:31:18.600Z", "groups": [], "user_permissions": [], "password": "sha1$e1gCGRClN5c2$6cf052d558676020cef017f97e46bcd3e6e8aea4", "email": "lobortis.ultrices@SednequeSed.com", "date_joined": "2012-07-17T02:31:18.600Z"}}, {"pk": 6, "model": "auth.user", "fields": {"username": "Hollee5", "first_name": "Hollee", "last_name": "Dyer", "is_active": true, "is_superuser": false, "is_staff": false, "last_login": "2012-07-17T02:31:18.638Z", "groups": [], "user_permissions": [], "password": "sha1$ASIgPjwDtyP5$0972bb68b882a282c716765dd22ce79a3b772f84", "email": "ultrices.posuere@maurissapien.edu", "date_joined": "2012-07-17T02:31:18.638Z"}}, {"pk": 7, "model": "auth.user", "fields": {"username": "Miranda6", "first_name": "Miranda", "last_name": "Flores", "is_active": true, "is_superuser": false, "is_staff": false, "last_login": "2012-07-17T02:31:18.669Z", "groups": [], "user_permissions": [], "password": "sha1$eYIMTqSvrRpk$b477a5714b9c6a0cdb8a14c0aaa1459dbcc801ba", "email": "libero.dui.nec@ettristiquepellentesque.org", "date_joined": "2012-07-17T02:31:18.669Z"}}, {"pk": 8, "model": "auth.user", "fields": {"username": "Gavin7", "first_name": "Gavin", "last_name": "Johnson", "is_active": true, "is_superuser": false, "is_staff": false, "last_login": "2012-07-17T02:31:18.697Z", "groups": [], "user_permissions": [], "password": "sha1$HoXVOURS9mNU$5a151c69fb4749db517190865801fcc8d3273172", "email": "metus.vitae.velit@at.com", "date_joined": "2012-07-17T02:31:18.697Z"}}, {"pk": 9, "model": "auth.user", "fields": {"username": "Noah8", "first_name": "Noah", "last_name": "Reilly", "is_active": true, "is_superuser": false, "is_staff": false, "last_login": "2012-07-17T02:31:18.740Z", "groups": [], "user_permissions": [], "password": "sha1$k4nbfL7COPMh$fafd32c0cbc56c2295c5edb73a343f0c62b2be40", "email": "nisi.Aenean.eget@turpisNullaaliquet.ca", "date_joined": "2012-07-17T02:31:18.740Z"}}, {"pk": 10, "model": "auth.user", "fields": {"username": "Tara9", "first_name": "Tara", "last_name": "Reed", "is_active": true, "is_superuser": false, "is_staff": false, "last_login": "2012-07-17T02:31:18.772Z", "groups": [], "user_permissions": [], "password": "sha1$IlPupZiEB97x$e8189cee8d746857cd1e385571c70ab6d81f4ff9", "email": "In@enim.com", "date_joined": "2012-07-17T02:31:18.772Z"}}, {"pk": 11, "model": "auth.user", "fields": {"username": "Kameko10", "first_name": "Kameko", "last_name": "Henson", "is_active": true, "is_superuser": false, "is_staff": false, "last_login": "2012-07-17T02:31:18.803Z", "groups": [], "user_permissions": [], "password": "sha1$m36AFInyckPc$1e7177de7cb06bc12f622ec423ae978b9bb30a71", "email": "lorem@ipsumnonarcu.org", "date_joined": "2012-07-17T02:31:18.803Z"}}, {"pk": 12, "model": "auth.user", "fields": {"username": "Simon11", "first_name": "Simon", "last_name": "Nunez", "is_active": true, "is_superuser": false, "is_staff": false, "last_login": "2012-07-17T02:31:18.850Z", "groups": [], "user_permissions": [], "password": "sha1$2eXZECifRA8d$7222314ba3b4569afef0e9be44a28cbc37d3aa32", "email": "purus@Pellentesquehabitantmorbi.com", "date_joined": "2012-07-17T02:31:18.850Z"}}, {"pk": 13, "model": "auth.user", "fields": {"username": "Sage12", "first_name": "Sage", "last_name": "Church", "is_active": true, "is_superuser": false, "is_staff": false, "last_login": "2012-07-17T02:31:18.885Z", "groups": [], "user_permissions": [], "password": "sha1$Ohn5cvGMvY5l$7f0a7d975ea681052a49346aba5e43475aa162fe", "email": "vitae.erat.vel@Etiam.com", "date_joined": "2012-07-17T02:31:18.885Z"}}, {"pk": 14, "model": "auth.user", "fields": {"username": "Benjamin13", "first_name": "Benjamin", "last_name": "Juarez", "is_active": true, "is_superuser": false, "is_staff": false, "last_login": "2012-07-17T02:31:18.922Z", "groups": [], "user_permissions": [], "password": "sha1$Yo9uvh1XJwOF$200974f6b711cfe9080518096f9255c68f38fd01", "email": "Curabitur.ut.odio@Phasellusataugue.org", "date_joined": "2012-07-17T02:31:18.922Z"}}, {"pk": 15, "model": "auth.user", "fields": {"username": "Emerson14", "first_name": "Emerson", "last_name": "Kelly", "is_active": true, "is_superuser": false, "is_staff": false, "last_login": "2012-07-17T02:31:18.962Z", "groups": [], "user_permissions": [], "password": "sha1$SYxhiT9jTRSk$e355b1013bab6f78af2a26fddc6c62063eb7240f", "email": "iaculis@ipsumdolor.ca", "date_joined": "2012-07-17T02:31:18.962Z"}}, {"pk": 16, "model": "auth.user", "fields": {"username": "Amy15", "first_name": "Amy", "last_name": "Small", "is_active": true, "is_superuser": false, "is_staff": false, "last_login": "2012-07-17T02:31:19.007Z", "groups": [], "user_permissions": [], "password": "sha1$3Ex6L5f5zDod$c43e802e9ead77b1564c2366d35e1e0ff07c24de", "email": "ut.mi.Duis@utlacusNulla.com", "date_joined": "2012-07-17T02:31:19.007Z"}}, {"pk": 17, "model": "auth.user", "fields": {"username": "Madaline16", "first_name": "Madaline", "last_name": "Alston", "is_active": true, "is_superuser": false, "is_staff": false, "last_login": "2012-07-17T02:31:19.047Z", "groups": [], "user_permissions": [], "password": "sha1$2n8M77inGBHY$68639e0e688bef74c44cb8f97feb650617faa4a0", "email": "varius@ipsumCurabitur.ca", "date_joined": "2012-07-17T02:31:19.047Z"}}, {"pk": 18, "model": "auth.user", "fields": {"username": "Jonah17", "first_name": "Jonah", "last_name": "Powell", "is_active": true, "is_superuser": false, "is_staff": false, "last_login": "2012-07-17T02:31:19.081Z", "groups": [], "user_permissions": [], "password": "sha1$T0dsG1sL7bGT$ecedcbbcc1fd0963241062d4e51837a71b89d873", "email": "Nam.interdum.enim@sedsem.org", "date_joined": "2012-07-17T02:31:19.081Z"}}, {"pk": 19, "model": "auth.user", "fields": {"username": "Clementine18", "first_name": "Clementine", "last_name": "Farrell", "is_active": true, "is_superuser": false, "is_staff": false, "last_login": "2012-07-17T02:31:19.121Z", "groups": [], "user_permissions": [], "password": "sha1$Jnch65ydCzfY$a37eeec37094021f0323f7712fa1742505d6caa2", "email": "augue.ut@odiovel.com", "date_joined": "2012-07-17T02:31:19.121Z"}}, {"pk": 20, "model": "auth.user", "fields": {"username": "Xena19", "first_name": "Xena", "last_name": "Welch", "is_active": true, "is_superuser": false, "is_staff": false, "last_login": "2012-07-17T02:31:19.157Z", "groups": [], "user_permissions": [], "password": "sha1$zIwLm1TWv3Ok$cda14071dcf0ae112e2cf5d05a51f8d142b2946e", "email": "lectus@semper.edu", "date_joined": "2012-07-17T02:31:19.157Z"}}, {"pk": 21, "model": "auth.user", "fields": {"username": "Brenna20", "first_name": "Brenna", "last_name": "Koch", "is_active": true, "is_superuser": false, "is_staff": false, "last_login": "2012-07-17T02:31:19.197Z", "groups": [], "user_permissions": [], "password": "sha1$VGRvUzeDi9Ym$bb84ca730c4fa9758f78fd7a33d02f0be54bdcb1", "email": "at.libero@augueutlacus.org", "date_joined": "2012-07-17T02:31:19.197Z"}}, {"pk": 22, "model": "auth.user", "fields": {"username": "Jemima21", "first_name": "Jemima", "last_name": "Horn", "is_active": true, "is_superuser": false, "is_staff": false, "last_login": "2012-07-17T02:31:19.240Z", "groups": [], "user_permissions": [], "password": "sha1$ecwTeTKiVoS9$b55f69254bcf0365e6875af59e91298f6e22e92f", "email": "commodo.at.libero@placerat.ca", "date_joined": "2012-07-17T02:31:19.240Z"}}, {"pk": 23, "model": "auth.user", "fields": {"username": "Cody22", "first_name": "Cody", "last_name": "Myers", "is_active": true, "is_superuser": false, "is_staff": false, "last_login": "2012-07-17T02:31:19.278Z", "groups": [], "user_permissions": [], "password": "sha1$KAyJzrpdPT3C$71922c4d3b4f7ae39fa16d03622487dcdc49a577", "email": "Vivamus@ametdapibusid.org", "date_joined": "2012-07-17T02:31:19.278Z"}}, {"pk": 24, "model": "auth.user", "fields": {"username": "Walker23", "first_name": "Walker", "last_name": "Carr", "is_active": true, "is_superuser": false, "is_staff": false, "last_login": "2012-07-17T02:31:19.317Z", "groups": [], "user_permissions": [], "password": "sha1$oOfTJ7G5vr8m$88f25cc8233891b9bb79c9b05dad65ad132a2b6d", "email": "cursus.et.eros@sagittisDuis.ca", "date_joined": "2012-07-17T02:31:19.317Z"}}, {"pk": 25, "model": "auth.user", "fields": {"username": "Rigel24", "first_name": "Rigel", "last_name": "Hines", "is_active": true, "is_superuser": false, "is_staff": false, "last_login": "2012-07-17T02:31:19.355Z", "groups": [], "user_permissions": [], "password": "sha1$X9LKrfJhV0Gt$d12e7fa5c098869d347e801c9bc976323022b58a", "email": "Cum@orciUt.org", "date_joined": "2012-07-17T02:31:19.355Z"}}, {"pk": 26, "model": "auth.user", "fields": {"username": "Abigail25", "first_name": "Abigail", "last_name": "Mcknight", "is_active": true, "is_superuser": false, "is_staff": false, "last_login": "2012-07-17T02:31:19.388Z", "groups": [], "user_permissions": [], "password": "sha1$MXBwILGqUaYF$05210916f0c172861e30cff9d9558a0f40cdb959", "email": "Curabitur.consequat.lectus@et.org", "date_joined": "2012-07-17T02:31:19.388Z"}}, {"pk": 27, "model": "auth.user", "fields": {"username": "Patience26", "first_name": "Patience", "last_name": "Burton", "is_active": true, "is_superuser": false, "is_staff": false, "last_login": "2012-07-17T02:31:19.425Z", "groups": [], "user_permissions": [], "password": "sha1$7imVBHtglHOf$3a5662358e23eddfe7c852d9e94a275811ca5d5d", "email": "enim.gravida.sit@nonmagna.com", "date_joined": "2012-07-17T02:31:19.425Z"}}, {"pk": 28, "model": "auth.user", "fields": {"username": "Sybill27", "first_name": "Sybill", "last_name": "Gregory", "is_active": true, "is_superuser": false, "is_staff": false, "last_login": "2012-07-17T02:31:19.471Z", "groups": [], "user_permissions": [], "password": "sha1$2JaUF9HqLKX9$fe51a6010acf73f8048851a6abeed228b1a3125a", "email": "lobortis@maurisblandit.com", "date_joined": "2012-07-17T02:31:19.471Z"}}, {"pk": 29, "model": "auth.user", "fields": {"username": "Xantha28", "first_name": "Xantha", "last_name": "Ferguson", "is_active": true, "is_superuser": false, "is_staff": false, "last_login": "2012-07-17T02:31:19.509Z", "groups": [], "user_permissions": [], "password": "sha1$aSSaZutXZ4DR$da086a7450724770190252831a12aa94ddca6ff1", "email": "luctus@mifelis.ca", "date_joined": "2012-07-17T02:31:19.509Z"}}, {"pk": 30, "model": "auth.user", "fields": {"username": "Axel29", "first_name": "Axel", "last_name": "Conner", "is_active": true, "is_superuser": false, "is_staff": false, "last_login": "2012-07-17T02:31:19.547Z", "groups": [], "user_permissions": [], "password": "sha1$EXQFvwJy4YcG$cbb05d4f3ce4208bdf7ff4e6b27c64240b0c62b1", "email": "vestibulum@risusDonec.org", "date_joined": "2012-07-17T02:31:19.547Z"}}, {"pk": 31, "model": "auth.user", "fields": {"username": "Xerxes30", "first_name": "Xerxes", "last_name": "Stephens", "is_active": true, "is_superuser": false, "is_staff": false, "last_login": "2012-07-17T02:31:19.663Z", "groups": [], "user_permissions": [], "password": "sha1$wBY1G0sAFH5N$e8b752fcc2b5f84e37c7cc10a765fa3cb0a8e3d8", "email": "Quisque.varius@rhoncus.ca", "date_joined": "2012-07-17T02:31:19.663Z"}}, {"pk": 32, "model": "auth.user", "fields": {"username": "Sandra31", "first_name": "Sandra", "last_name": "Lee", "is_active": true, "is_superuser": false, "is_staff": false, "last_login": "2012-07-17T02:31:19.716Z", "groups": [], "user_permissions": [], "password": "sha1$neD9HkPLj900$2adbd259fea57a1ca143d8e534f07878b7dc19a5", "email": "ut.sem@vestibulum.com", "date_joined": "2012-07-17T02:31:19.716Z"}}, {"pk": 33, "model": "auth.user", "fields": {"username": "Rachel32", "first_name": "Rachel", "last_name": "Adams", "is_active": true, "is_superuser": false, "is_staff": false, "last_login": "2012-07-17T02:31:19.747Z", "groups": [], "user_permissions": [], "password": "sha1$PZMANTeRtP3Q$60fefddd074da80095d4d8efd144cd4bb63bb014", "email": "ac.mattis.semper@liberoInteger.org", "date_joined": "2012-07-17T02:31:19.747Z"}}, {"pk": 34, "model": "auth.user", "fields": {"username": "Colby33", "first_name": "Colby", "last_name": "Leblanc", "is_active": true, "is_superuser": false, "is_staff": false, "last_login": "2012-07-17T02:31:19.780Z", "groups": [], "user_permissions": [], "password": "sha1$9OPwcruOhm6s$b0ae09235f347a61387bf67a9b9657c5b9c37023", "email": "id@eros.com", "date_joined": "2012-07-17T02:31:19.780Z"}}, {"pk": 35, "model": "auth.user", "fields": {"username": "Christen34", "first_name": "Christen", "last_name": "Mejia", "is_active": true, "is_superuser": false, "is_staff": false, "last_login": "2012-07-17T02:31:19.817Z", "groups": [], "user_permissions": [], "password": "sha1$6u5o82wsN8D0$7926048ca63b3719f84118c587fbdca23efe4229", "email": "in.hendrerit@Classaptenttaciti.org", "date_joined": "2012-07-17T02:31:19.817Z"}}, {"pk": 36, "model": "auth.user", "fields": {"username": "Mariko35", "first_name": "Mariko", "last_name": "Cortez", "is_active": true, "is_superuser": false, "is_staff": false, "last_login": "2012-07-17T02:31:19.866Z", "groups": [], "user_permissions": [], "password": "sha1$7HoYZij5dFnd$9db67a9f10414b1167b161ea4ebaea8cb82ff0c0", "email": "sed@sodalesnisi.edu", "date_joined": "2012-07-17T02:31:19.866Z"}}, {"pk": 37, "model": "auth.user", "fields": {"username": "Hiram36", "first_name": "Hiram", "last_name": "Carlson", "is_active": true, "is_superuser": false, "is_staff": false, "last_login": "2012-07-17T02:31:20.213Z", "groups": [], "user_permissions": [], "password": "sha1$xfsZcmppCUwm$d97cae50e3461f913954c8735af5e468260c5536", "email": "ultrices.posuere.cubilia@Nullamvelitdui.com", "date_joined": "2012-07-17T02:31:20.213Z"}}, {"pk": 38, "model": "auth.user", "fields": {"username": "Byron37", "first_name": "Byron", "last_name": "Owen", "is_active": true, "is_superuser": false, "is_staff": false, "last_login": "2012-07-17T02:31:20.247Z", "groups": [], "user_permissions": [], "password": "sha1$JNYqC8LWPftW$ec23c62147489310d5aabc85b715339c2f1640f0", "email": "libero@Quisquepurus.edu", "date_joined": "2012-07-17T02:31:20.247Z"}}, {"pk": 39, "model": "auth.user", "fields": {"username": "Heidi38", "first_name": "Heidi", "last_name": "Carter", "is_active": true, "is_superuser": false, "is_staff": false, "last_login": "2012-07-17T02:31:20.285Z", "groups": [], "user_permissions": [], "password": "sha1$JKi4naWqQhKj$ffc4674bda9b80557eb46194d97af76d31cb86e2", "email": "dictum@atvelitCras.edu", "date_joined": "2012-07-17T02:31:20.285Z"}}, {"pk": 40, "model": "auth.user", "fields": {"username": "Ursa39", "first_name": "Ursa", "last_name": "Leblanc", "is_active": true, "is_superuser": false, "is_staff": false, "last_login": "2012-07-17T02:31:20.318Z", "groups": [], "user_permissions": [], "password": "sha1$eKWuLrP21tRV$be3665bbc2f63c4d5ca03ca3b7e8eb947df11b5d", "email": "laoreet@nisl.edu", "date_joined": "2012-07-17T02:31:20.318Z"}}, {"pk": 41, "model": "auth.user", "fields": {"username": "Dara40", "first_name": "Dara", "last_name": "Singleton", "is_active": true, "is_superuser": false, "is_staff": false, "last_login": "2012-07-17T02:31:20.352Z", "groups": [], "user_permissions": [], "password": "sha1$oarnBkBJt1tp$df992acac7ac66fd5b0276d1dd9d639a33cfaa88", "email": "ut.eros@Curae.com", "date_joined": "2012-07-17T02:31:20.352Z"}}, {"pk": 1, "model": "main.userprofile", "fields": {"user": 2}}, {"pk": 2, "model": "main.userprofile", "fields": {"user": 3}}, {"pk": 3, "model": "main.userprofile", "fields": {"user": 4}}, {"pk": 4, "model": "main.userprofile", "fields": {"user": 5}}, {"pk": 5, "model": "main.userprofile", "fields": {"user": 6}}, {"pk": 6, "model": "main.userprofile", "fields": {"user": 7}}, {"pk": 7, "model": "main.userprofile", "fields": {"user": 8}}, {"pk": 8, "model": "main.userprofile", "fields": {"user": 9}}, {"pk": 9, "model": "main.userprofile", "fields": {"user": 10}}, {"pk": 10, "model": "main.userprofile", "fields": {"user": 11}}, {"pk": 11, "model": "main.userprofile", "fields": {"user": 12}}, {"pk": 12, "model": "main.userprofile", "fields": {"user": 13}}, {"pk": 13, "model": "main.userprofile", "fields": {"user": 14}}, {"pk": 14, "model": "main.userprofile", "fields": {"user": 15}}, {"pk": 15, "model": "main.userprofile", "fields": {"user": 16}}, {"pk": 16, "model": "main.userprofile", "fields": {"user": 17}}, {"pk": 17, "model": "main.userprofile", "fields": {"user": 18}}, {"pk": 18, "model": "main.userprofile", "fields": {"user": 19}}, {"pk": 19, "model": "main.userprofile", "fields": {"user": 20}}, {"pk": 20, "model": "main.userprofile", "fields": {"user": 21}}, {"pk": 21, "model": "main.userprofile", "fields": {"user": 22}}, {"pk": 22, "model": "main.userprofile", "fields": {"user": 23}}, {"pk": 23, "model": "main.userprofile", "fields": {"user": 24}}, {"pk": 24, "model": "main.userprofile", "fields": {"user": 25}}, {"pk": 25, "model": "main.userprofile", "fields": {"user": 26}}, {"pk": 26, "model": "main.userprofile", "fields": {"user": 27}}, {"pk": 27, "model": "main.userprofile", "fields": {"user": 28}}, {"pk": 28, "model": "main.userprofile", "fields": {"user": 29}}, {"pk": 29, "model": "main.userprofile", "fields": {"user": 30}}, {"pk": 30, "model": "main.userprofile", "fields": {"user": 31}}, {"pk": 31, "model": "main.userprofile", "fields": {"user": 32}}, {"pk": 32, "model": "main.userprofile", "fields": {"user": 33}}, {"pk": 33, "model": "main.userprofile", "fields": {"user": 34}}, {"pk": 34, "model": "main.userprofile", "fields": {"user": 35}}, {"pk": 35, "model": "main.userprofile", "fields": {"user": 36}}, {"pk": 36, "model": "main.userprofile", "fields": {"user": 37}}, {"pk": 37, "model": "main.userprofile", "fields": {"user": 38}}, {"pk": 38, "model": "main.userprofile", "fields": {"user": 39}}, {"pk": 39, "model": "main.userprofile", "fields": {"user": 40}}, {"pk": 40, "model": "main.userprofile", "fields": {"user": 41}}]